npc;attack;damage;playerDefense;playerDefenseWithDodge
a rabid rat;4.166770877684684;1;3.4159981616557475;3.795494987241846
a rabid rat;2.7493873469123673;1;0.675635018627089;5.341322606056648
a rabid rat;3.3350378031055135;1;2.293127866551216;4.76889331976643
a rabid rat;3.9362723232499803;1;1.2188712130225996;4.228777042198928
a rabid rat;2.6283530634113283;2;3.729067497505995;13.520043618278958
a rabid rat;4.100952628747258;2;3.6681193618299863;9.76977796376577