npc;attack;damage;playerDefense;playerDefenseWithDodge
a small rat;6.696029200565538;1;1.4261569730316142;9.698657015800798
a small rat;5.179341195727058;1;1.2584936117030248;5.4294939055099665
a small rat;4.603503117577525;1;2.6831112488546296;8.869276919183761
a small rat;0.3046435371510824;1;1.5094177234223478;12.212167753571936
a small rat;6.8106780891367125;1;1.3187631031840388;6.318978871103752
a small rat;3.4986111451432578;2;0.41022903466933514;4.199191211046195