npc;attack;damage;playerDefense;playerDefenseWithDodge
a glowering peacekeeper;8.696180881104807;6;12.141339900463475;74.56438856739608
a glowering peacekeeper;8.100328711436294;13;6.345920954043919;37.214173217908055
a glowering peacekeeper;8.89278828516969;9;18.967858420722546;44.5539783688589
a sneering peacekeeper;0.2805835872295348;1;46.33641483802199;46.80273354040511
a peacekeeper captain;5.606203922907886;2;37.2205740123118;45.49761763807205
a sneering peacekeeper;1.9826752267110548;6;0.27176250890303844;42.09467405400142
a peacekeeper captain;6.735887868949739;3;47.45183926157349;111.75918624600294
a sneering peacekeeper;4.12215570012888;4;65.82067741166732;99.17456404509096