npc;attack;damage;playerDefense;playerDefenseWithDodge
a peacekeeper captain;4.413561801487309;6;57.30968132686529;126.52625577960133
a peacekeeper captain;4.136850691725376;5;67.69991247694908;131.56510721225018
a peacekeeper captain;0.6697536609409993;3;63.01673669058875;111.63940998139759
a peacekeeper captain;2.982648549985536;1;68.98232769588263;69.65116092928302