npc;attack;damage;playerDefense;playerDefenseWithDodge
a rabid rat;1.446316271646504;2;1.2724121228855232;9.646059178801073
a rabid rat;4.223634273711347;2;3.1047437921856016;11.703915766381636
a rabid rat;0.3257033167964944;2;0.9833006244032978;10.016334235207015
a rabid rat;1.4276768286736172;1;1.341494691819423;9.716871831214444
a rabid rat;1.3936922388807327;1;0.36502770303447996;4.805739117194686
a rabid rat;5.715061588655387;2;3.1929693047504486;4.770349175542639