npc;attack;damage;playerDefense;playerDefenseWithDodge
a glowering peacekeeper;6.876123488026346;1;1.6252181405126702;10.629940863073237
a glowering peacekeeper;9.89389503756575;4;2.7239045218851734;2.9385399870070446
a glowering peacekeeper;1.8553881539446304;6;0.8214958164524448;2.7800811562730097
a glowering peacekeeper;5.248703250427489;5;2.645055051274813;10.220231797459888
a glowering peacekeeper;6.6669952217291435;1;3.322878993512443;9.078670105375531
a glowering peacekeeper;8.300985454745353;7;1.029054377477249;11.360664428948052
a glowering peacekeeper;6.195765878119024;9;1.5111117991541514;5.240329215358538