npc;attack;damage;playerDefense;playerDefenseWithDodge
a [rabid rat];0.06105078229120024;2;1.1831208520419834;5.019071692171477
a [rabid rat];5.843899395076519;2;0.04610655477731984;2.7156778833251307
a [rabid rat];4.886034491845606;1;2.7098593193434812;7.668840405176493
a [rabid rat];4.029370813955044;1;0.936212015463002;10.887091266291163
a [small rat];2.8089115896393824;1;0.7538722111849392;6.364667819145876
a [small rat];4.372229135315818;1;0.34271707818526287;4.061156774239593
a [small rat];0.45014268369596533;1;0.4591432184634161;3.1941957296910557
a [small rat];3.0383014261442787;2;2.4219693173396974;3.5741799295044547