attack;damage;npcDefense;npcDefenseWithDodge
12.604808273582849;11;0.3482044158502957;7.00198776833485