attack;damage;npcDefense;npcDefenseWithDodge
2.2340762406766137;2;0.6483474322512748;7.674308922240747
2.064337773699922;2;0.14847573632308952;3.378944103170293
3.5668246698740065;2;0.49139588192733785;1.7126129327402972
2.4804252211045013;2;0.09044394500379775;7.269288991396201
2.9241002620367476;2;0.9178657557914964;9.943374330842902
5.749766685469844;2;0.5686963462718349;9.056826001729664
3.7471278061580953;3;0.14945256650732808;5.07149544779845
0.3024556569652455;2;0.02399749932229553;2.8849669734938175
10.238577400433439;3;0.2928312877187289;4.794860103035926