attack;damage;npcDefense;npcDefenseWithDodge
14.903663161179159;5;0.6485321700341364;8.501012166682592
1.896108908505688;1;10.498261364212272;17.844871711105718
4.364491385598003;3;2.3049069239118225;9.673454781041148
11.437555946761552;1;3.359502054652296;8.312670965431469
2.3617505481585397;1;2.7204459663389096;5.085280545886263
2.380879009087675;3;11.588747506948206;12.888958856446976
0.5159981941095082;1;10.218243839985877;18.64419419993667
0.12603848946624766;1;5.562406362259016;8.903548254509865
8.820609954850694;5;11.76849931844174;19.69271075446921