attack;damage;npcDefense;npcDefenseWithDodge
1.201374427763948;4;0.9310624782617642;3.1767538781657954
8.749443239871487;3;0.3424456422304294;4.012910329295429
12.812584485214776;3;0.5581225415765414;8.79609341910522
0.6789344861827696;3;0.44528415972088553;6.667747765861599
0.295930891144074;3;0.3844101139178404;6.1228463007504415
0.1974495722729314;2;0.035825665157173635;8.046534902281168
6.54062552034436;7;0.8696154031645025;8.213757601318594
3.7747232669644966;4;0.2804230154302878;8.319049807081013
14.141529914408645;7;0.3334180985085149;0.840497436003045