attack;damage;npcDefense;npcDefenseWithDodge
2.3850571085164227;6;0.7128265852734503;8.573221864908618
0.6070202122136357;2;0.7934356205732582;4.82040290994019
0.37205506670284555;1;0.10418023394300627;2.931064941040558
3.072522283048734;3;0.20202331764107373;3.7287692827981287
9.462069265741427;3;0.5781195952080878;5.385088041191949
7.497468119481553;5;0.4020625894170673;1.9755136657044963
5.578288503712572;3;0.557211279999827;6.780366878333032
3.003599886816412;2;0.47420044383111126;7.623178899213722
5.8889930344052015;4;0.6485620625869724;4.8261011229374695