attack;damage;npcDefense;npcDefenseWithDodge
19.28498421336021;56;8.342304246287654;8.775782615740756
49.43082575797957;64;11.545107889099159;13.886213223857311
104.94909308718879;4;7.756545855913578;16.606236366837297
2.1478111497118277;22;10.643616665515312;19.77550552700511
24.932181227854024;24;7.634519992867723;15.400756655221539